Date,Keyword
2011-02-08,R
2011-02-08,Blog
2011-02-08,WP8
2011-02-08,WP8
2011-02-08,WP8
2011-02-17,WP0
2011-02-23,WP0
2011-04-05,Workload
2011-05-17,Workload
2011-05-23,WP8
2011-05-25,GameTheory
2011-05-30,BOINC
2011-06-06,WP4
2011-06-15,Workload
2011-06-20,Gradient
2011-06-29,SG
2011-07-07,WP7
2011-07-25,WP4
2011-08-16,BOINC
2011-08-16,BOINC
2011-10-13,WP0
2011-10-14,Workload
2011-11-30,Blog
2011-11-30,SG
2012-01-09,WP1
2012-01-20,Blog
2012-01-20,SG
2012-01-23,Blog
2012-01-23,WP8
2012-01-23,WP4
2012-01-24,Blog
2012-01-24,WP4
2012-01-24,WP0
2012-01-26,WP6
2012-01-26,Blog
2012-01-27,Blog
2012-01-27,WP4
2012-02-10,WP7
2012-02-13,WP4
2012-03-01,WP4
2012-03-05,git
2012-03-07,WP7
2012-03-15,WP4
2012-03-16,BOINC
2012-03-20,WP7
2012-03-20,OrgMode
2012-03-28,noexport
2012-03-29,WP4
2012-04-19,WP4
2012-05-09,WP4
2012-05-09,autotuning
2012-05-10,WP4
2012-05-13,WP6
2012-05-22,WP3
2012-05-24,WP3
2012-05-29,WP3
2012-06-07,WP7
2012-06-08,WP7
2012-06-13,WP0
2012-06-19,WP7
2012-06-27,BOINC
2012-08-06,R
2012-08-08,Epistemology
2012-08-09,Epistemology
2012-08-11,OrgMode
2012-08-20,WP4
2012-09-04,WP7
2012-09-10,WP4
2012-09-11,WP3
2012-09-13,WP3
2012-09-14,WP4
2012-09-24,Blog
2012-09-27,BOINC
2012-09-28,BOINC
2012-10-16,R
2012-11-07,WP7
2012-11-18,Argonne
2012-11-18,autotuning
2012-11-19,Argonne
2012-12-18,Argonne
2012-12-18,Argonne
2013-01-03,Argonne
2013-01-09,WP4
2013-01-11,WP4
2013-01-17,WP0
2013-01-17,WP4
2013-01-22,WP4
2013-01-24,OrgMode
2013-01-24,git
2013-01-29,WP3
2013-01-31,WP4
2013-02-01,WP0
2013-02-05,WP3
2013-02-05,WP7
2013-02-05,WP3
2013-02-11,R
2013-02-11,WP4
2013-03-05,WP4
2013-03-06,SG
2013-03-12,WP4
2013-03-14,Blog
2013-03-17,OrgMode
2013-03-18,WP3
2013-03-18,WP3
2013-03-19,Epistemology
2013-03-20,OrgMode
2013-03-21,WP3
2013-03-22,WP4
2013-03-26,WP8
2013-03-28,WP4
2013-04-02,WP8
2013-04-03,Blog
2013-04-17,WP4
2013-05-07,WP8
2013-05-14,WP4
2013-05-15,WP3
2013-05-21,WP4
2013-05-21,R
2013-05-21,R
2013-06-26,Blog
2013-06-26,WP4
2013-07-02,GameTheory
2013-07-04,WP4
2013-07-05,WP7
2013-07-10,Blog
2013-08-13,WP4
2013-09-03,WP4
2013-09-24,WP4
2013-09-25,BOINC
2013-09-27,BOINC
2013-09-30,BOINC
2013-10-01,BOINC
2013-10-02,BOINC
2013-10-09,WP4
2013-10-10,WP4
2013-10-10,WP4
2013-10-23,WP7
2013-11-17,WP8
2013-11-18,WP4
2013-11-18,WP4
2013-11-19,WP4
2013-11-20,R
2013-11-25,Argonne
2013-11-26,R
2013-11-27,Argonne
2013-11-27,Argonne
2013-12-06,WP4
2013-12-11,Argonne
2013-12-12,Argonne
2014-01-16,WP4
2014-01-16,Argonne
2014-01-30,Argonne
2014-02-14,Argonne
2014-06-23,WP8
2014-07-02,OrgMode
2014-08-26,autotuning
2014-09-04,GameTheory
2014-09-09,WP4
2014-09-16,WP8
2014-09-19,INRIA
2014-09-22,R
2014-10-20,WP7
2014-10-29,WP4
2014-11-10,WP4
2014-11-16,WP4
2014-11-17,WP4
2014-11-18,WP8
2014-11-24,Argonne
2014-12-09,WP8
2014-12-16,WP8
2015-01-07,R
2015-01-22,LIG
2015-01-23,WP1
2015-02-04,Stats
2015-02-05,WP4
2015-02-06,LIG
2015-02-18,WP4
2015-02-25,Teaching
2015-02-25,Vulgarization
2015-02-26,WP7
2015-02-26,WP7
2015-03-05,WP4
2015-03-10,WP7
2015-03-12,Vulgarization
2015-03-16,WP7
2015-03-20,LIG
2015-03-24,Teaching
2015-03-26,WP7
2015-03-31,WP7
2015-04-01,LIG
2015-04-02,OrgMode
2015-04-02,WP7
2015-04-06,Teaching
2015-04-11,WP4
2015-04-24,WP7
2015-04-30,WP7
2015-04-30,WP7
2015-05-07,LIG
2015-05-13,WP7
2015-05-19,WP8
2015-05-20,WP8
2015-05-21,WP8
2015-05-28,WP7
2015-06-12,WP4
2015-06-17,WP4
2015-06-18,LIG
2015-06-29,Argonne
2015-07-01,R
2015-07-22,WP4
2015-07-22,WP8
2015-07-24,Teaching
2015-07-24,Teaching
2015-07-31,R
2015-08-09,WP7
2015-08-09,WP7
2015-08-25,WP8
2015-08-26,R
2015-09-02,Stats
2015-09-04,WP7
2015-09-14,WP7
2015-09-21,WP4
2015-09-21,HOME
2015-09-23,WP4
2015-09-23,HOME
2015-10-01,POLARIS
2015-10-05,WP4
2015-10-09,HOME
2015-10-14,WP8
2015-10-26,WP4
2015-11-03,Teaching
2015-11-09,WP4
2015-11-09,WP7
2015-11-10,HOME
2015-11-12,LIG
2015-11-16,LIG
2015-11-16,LIG
2015-11-17,WP4
2015-11-18,HOME
2015-11-19,LIG
2015-11-27,POLARIS
2015-12-03,WP8
2015-12-03,R
2015-12-07,WP4
2015-12-09,POLARIS
2015-12-10,POLARIS
2015-12-10,GameTheory
2015-12-16,Teaching
2015-12-17,POLARIS
2015-12-22,Python
2015-12-23,HOME
2016-01-06,LIG
2016-01-06,WP7
2016-01-06,POLARIS
2016-01-06,HOME
2016-01-06,POLARIS
2016-01-11,Python
2016-01-11,R
2016-01-12,WP8
2016-01-13,Teaching
2016-01-15,WP8
2016-01-19,WP4
2016-01-19,Europe
2016-01-20,autotuning
2016-01-21,POLARIS
2016-01-22,INRIA
2016-01-25,WP7
2016-01-26,R
2016-01-26,POLARIS
2016-01-26,Teaching
2016-01-26,Teaching
2016-01-27,LIG
2016-01-27,WP4
2016-01-28,Europe
2016-01-29,WP4
2016-02-01,POLARIS
2016-02-04,SG
2016-02-08,LIG
2016-02-08,LIG
2016-02-25,Python
2016-03-02,autotuning
2016-03-04,INRIA
2016-03-07,git
2016-03-07,OrgMode
2016-03-10,POLARIS
2016-03-10,Python
2016-03-14,LIG
2016-03-15,LIG
2016-03-17,git
2016-03-17,HOME
2016-03-21,WP4
2016-03-21,R
2016-03-24,POLARIS
2016-03-24,GameTheory
2016-03-28,OrgMode
2016-03-29,WP4
2016-03-29,Europe
2016-03-29,OrgMode
2016-03-29,git
2016-03-29,OrgMode
2016-03-31,git
2016-04-01,POLARIS
2016-04-07,Stats
2016-04-07,POLARIS
2016-04-08,Stats
2016-04-11,LIG
2016-04-13,R
2016-04-15,Stats
2016-04-25,Teaching
2016-04-28,POLARIS
2016-04-28,POLARIS
2016-04-29,SG
2016-04-29,INRIA
2016-05-02,LIG
2016-05-02,WP4
2016-05-04,LIG
2016-05-10,SG
2016-05-10,Seminar
2016-05-11,WP4
2016-05-12,POLARIS
2016-05-12,WP4
2016-05-19,WP4
2016-05-25,POLARIS
2016-05-27,INRIA
2016-05-30,LIG
2016-05-30,INRIA
2016-05-30,R
2016-06-01,HOME
2016-06-02,POLARIS
2016-06-03,Stats
2016-06-06,LIG
2016-06-08,LIG
2016-06-16,POLARIS
2016-06-17,R
2016-06-22,POLARIS
2016-06-22,Europe
2016-06-27,WP4
2016-06-27,autotuning
2016-06-28,WP4
2016-06-28,autotuning
2016-06-28,HACSPECIS
2016-06-29,WP4
2016-06-29,Europe
2016-06-29,WP7
2016-07-08,WP8
2016-07-11,Europe
2016-07-19,twitter
2016-07-19,R
2016-07-19,R
2016-07-20,Teaching
2016-07-20,WP4
2016-07-21,twitter
2016-07-25,LaTeX
2016-07-27,git
2016-08-25,HACSPECIS
2016-08-31,HACSPECIS
2016-09-02,Europe
2016-09-08,POLARIS
2016-09-08,INRIA
2016-09-08,INRIA
2016-09-12,POLARIS
2016-09-22,POLARIS
2016-09-22,HOME
2016-09-28,Europe
2016-09-29,POLARIS
2016-10-04,Europe
2016-10-10,LIG
2016-10-12,POLARIS
2016-11-10,BULL
2016-11-13,BULL
2016-11-15,BULL
2016-11-15,BULL
2016-11-18,INRIA
2016-11-21,git
2016-11-23,git
2016-11-23,WP7
2016-11-24,POLARIS
2016-12-05,POLARIS
2016-12-08,LIG
2016-12-14,Orange
2016-12-15,POLARIS
2016-12-16,R
2016-12-16,INRIA
2016-12-16,Vulgarization
2017-01-09,R
2017-01-12,POLARIS
2017-01-13,Europe
2017-01-16,LIG
2017-01-19,POLARIS
2017-01-19,POLARIS
2017-01-19,Teaching
2017-01-20,POLARIS
2017-01-20,INRIA
2017-01-24,HACSPECIS
2017-01-26,Teaching
2017-01-26,POLARIS
2017-01-26,POLARIS
2017-01-30,Europe
2017-02-01,WP4
2017-02-01,Europe
2017-02-02,Europe
2017-02-03,POLARIS
2017-02-08,WP4
2017-02-08,Teaching
2017-02-09,Seminar
2017-02-09,POLARIS
2017-02-13,LIG
2017-02-15,POLARIS
2017-02-16,POLARIS
2017-02-17,INRIA
2017-03-01,Seminar
2017-03-03,Seminar
2017-03-07,Seminar
2017-03-07,Teaching
2017-03-08,Teaching
2017-03-09,WP4
2017-03-13,LIG
2017-03-13,noexport
2017-03-13,noexport
2017-03-13,Teaching
2017-03-16,POLARIS
2017-03-16,POLARIS
2017-03-20,Teaching
2017-03-23,Seminar
2017-03-23,POLARIS
2017-03-23,noexport
2017-03-24,INRIA
2017-03-28,Seminar
2017-04-02,Teaching
2017-04-04,Teaching
2017-04-06,POLARIS
2017-04-06,Europe
2017-04-06,POLARIS
2017-04-06,Seminar
2017-04-07,Teaching
2017-04-27,POLARIS
2017-05-02,R
2017-05-05,INRIA
2017-05-10,POLARIS
2017-05-11,POLARIS
2017-05-11,POLARIS
2017-05-12,Teaching
2017-05-15,LIG
2017-05-22,INRIA
2017-06-07,noexport
2017-06-08,LIG
2017-06-09,INRIA
2017-06-12,LIG
2017-06-14,INRIA
2017-06-15,INRIA
2017-06-16,INRIA
2017-06-20,Teaching
2017-06-21,Teaching
2017-06-22,WP8
2017-06-23,Teaching
2017-06-27,R
2017-06-27,R
2017-06-27,POLARIS
2017-06-27,Seminar
2017-07-03,R
2017-07-06,SG
2017-07-06,PF
2017-07-11,Teaching
2017-07-24,Vulgarization
2017-07-26,Europe
2017-09-01,R
2017-09-01,WP8
2017-09-04,Seminar
2017-09-05,Teaching
2017-09-06,Teaching
2017-09-08,INRIA
2017-09-18,LIG
2017-09-28,POLARIS
2017-09-28,POLARIS
2017-10-03,Teaching
2017-10-06,INRIA
2017-10-06,OrgMode
2017-10-09,LIG
2017-10-16,HACSPECIS
2017-10-18,WP8
2017-10-25,HACSPECIS
2017-10-25,HACSPECIS
2017-10-26,Seminar
2017-10-27,R
2017-11-06,POLARIS
2017-11-07,OrgMode
2017-11-10,INRIA
2017-11-13,LIG
2017-11-24,R
2017-11-24,R
2017-11-24,R
2017-11-24,R
2017-11-29,LIG
2017-12-07,Europe
2017-12-07,WP8
2017-12-07,R
2017-12-07,Seminar
2017-12-08,Teaching
2017-12-08,INRIA
2017-12-08,WP7
2017-12-08,WP7
2017-12-11,Teaching
2017-12-11,LIG
2017-12-11,R
2017-12-11,Python
2017-12-11,R
2017-12-12,R
2017-12-12,R
2017-12-12,R
2017-12-12,R
2017-12-12,Europe
2017-12-14,Seminar
2017-12-15,R
2017-12-15,Seminar
2017-12-15,Teaching
2017-12-18,Teaching
2017-12-18,Seminar
2017-12-19,LIG
2017-12-21,Seminar
2018-01-08,Teaching
2018-01-11,Seminar
2018-01-11,Teaching
2018-01-15,Teaching
2018-01-17,HACSPECIS
2018-01-18,Seminar
2018-01-18,Stats
2018-01-22,R
2018-01-23,R
2018-02-06,R
2018-02-06,R
2018-02-06,POLARIS
2018-02-28,INRIA
2018-03-01,Seminar
2018-03-02,HACSPECIS
2018-03-02,HACSPECIS
2018-03-06,POLARIS
2018-03-08,Seminar
2018-03-08,HOME
2018-03-09,INRIA
2018-03-19,Europe
2018-03-22,R
2018-03-22,Seminar
2018-04-04,Python
2018-04-04,Python
2018-04-05,LIG
2018-04-05,Seminar
2018-04-26,POLARIS
2018-04-26,Seminar
2018-04-27,INRIA
2018-05-02,HOME
2018-05-03,INRIA
2018-05-03,Seminar
2018-05-03,Teaching
2018-05-04,OrgMode
2018-05-08,Seminar
2018-05-14,LIG
2018-05-15,Seminar
2018-05-17,POLARIS
2018-05-30,INRIA
2018-05-31,LIG
2018-06-01,INRIA
2018-06-07,Seminar
2018-06-08,Seminar
2018-06-11,LIG
2018-06-12,R
2018-06-22,WP4
2018-06-26,INRIA
